job_corps,weekly_earn,category
0,160.32,Control
0,236.34,Control
0,183.2,Control
0,197,Control
0,240.72,Control
0,172.64,Control
0,219.88,Control
0,212.3,Control
0,214.1,Control
0,179.42,Control
0,178.09,Control
0,236.35,Control
0,131.23,Control
0,182.9,Control
0,183.65,Control
0,178.61,Control
0,197.66,Control
0,192.6,Control
0,207.17,Control
0,208.41,Control
0,203.42,Control
0,203.86,Control
0,209.65,Control
0,212.61,Control
0,232.47,Control
0,238.48,Control
0,228.82,Control
0,230.7,Control
0,219.73,Control
0,238.4,Control
0,178.66,Control
0,225.35,Control
0,226.18,Control
0,172,Control
0,209.64,Control
0,217.42,Control
0,186.61,Control
0,225.54,Control
0,142.73,Control
0,152.81,Control
0,203.47,Control
0,177.83,Control
0,193.88,Control
0,204.46,Control
0,189.31,Control
0,159.12,Control
0,121.43,Control
0,159.44,Control
0,202.73,Control
0,223.24,Control
0,184.78,Control
0,218.03,Control
0,226.31,Control
0,118.21,Control
0,182.95,Control
0,210.13,Control
0,225.54,Control
0,258.16,Control
0,203.94,Control
0,202.22,Control
0,180.16,Control
0,208.79,Control
0,151.84,Control
0,203.53,Control
0,147.06,Control
0,193.11,Control
0,172.68,Control
0,214.02,Control
0,222.81,Control
0,196.77,Control
0,207.36,Control
0,192.03,Control
0,172.7,Control
0,185.62,Control
0,186.81,Control
0,232.35,Control
0,223.53,Control
0,188.07,Control
0,192.78,Control
0,238.22,Control
0,194.41,Control
0,217.1,Control
0,178.4,Control
0,165.57,Control
0,195,Control
0,151.66,Control
0,200.45,Control
0,164.16,Control
0,179.15,Control
0,142.32,Control
0,220.61,Control
0,214.2,Control
0,141.78,Control
0,217.04,Control
0,172.95,Control
0,231.93,Control
0,208.66,Control
0,178.72,Control
0,222.86,Control
0,123.12,Control
0,200.22,Control
0,196.24,Control
0,202.17,Control
0,195.52,Control
0,160.54,Control
0,111.16,Control
0,160.93,Control
0,194.21,Control
0,146.05,Control
0,198.4,Control
0,168.16,Control
0,222.29,Control
0,176.89,Control
0,219.98,Control
0,185.28,Control
0,109.87,Control
0,207.73,Control
0,229.75,Control
0,213.25,Control
0,192.54,Control
0,220.83,Control
0,207.6,Control
0,186.99,Control
0,179.61,Control
0,215.99,Control
0,168.26,Control
0,217.31,Control
0,192.67,Control
0,158.68,Control
0,178.01,Control
0,211.37,Control
0,194.38,Control
0,171.06,Control
0,216.5,Control
0,218.88,Control
0,221.52,Control
0,205.86,Control
0,171.35,Control
0,157.8,Control
0,221,Control
0,231.27,Control
0,214.27,Control
0,156.89,Control
0,218.37,Control
0,243.62,Control
0,168.82,Control
0,177.96,Control
0,207.65,Control
0,194.45,Control
0,182.48,Control
0,180.26,Control
0,225.63,Control
0,177.81,Control
0,212.59,Control
0,188.02,Control
0,248.82,Control
0,237.04,Control
0,209.49,Control
0,264.91,Control
0,203.34,Control
0,229.05,Control
0,233.72,Control
0,192.46,Control
0,208.07,Control
0,217.36,Control
0,197.99,Control
0,180.87,Control
0,280.75,Control
0,160.58,Control
0,210.62,Control
0,189.49,Control
0,219.21,Control
0,207.94,Control
0,186.52,Control
0,253.52,Control
0,169.47,Control
0,209.01,Control
0,181.31,Control
0,192.98,Control
0,202.47,Control
0,180.12,Control
0,158.88,Control
0,191.84,Control
0,185.51,Control
0,198.31,Control
0,189.99,Control
0,183.69,Control
0,238.07,Control
0,202.73,Control
0,206.47,Control
0,180.34,Control
0,216.57,Control
0,214.21,Control
0,135.24,Control
0,204.28,Control
0,174.71,Control
0,173.8,Control
0,173.11,Control
0,217.93,Control
0,179.87,Control
0,187.29,Control
0,202.41,Control
0,237.44,Control
0,197.34,Control
0,266.47,Control
0,158.76,Control
0,191.37,Control
0,244.68,Control
0,188.63,Control
0,181.78,Control
0,190.3,Control
0,161.68,Control
0,188.51,Control
0,185.98,Control
0,190.79,Control
0,161.46,Control
0,167.15,Control
0,189.68,Control
0,194.73,Control
0,206.62,Control
0,194.83,Control
0,208.29,Control
0,168.93,Control
0,255.13,Control
0,196.17,Control
0,189.42,Control
0,182.13,Control
0,237.47,Control
0,169.25,Control
0,174.43,Control
0,246.53,Control
0,184.03,Control
0,224.11,Control
0,211.36,Control
0,185.49,Control
0,250.6,Control
0,208.85,Control
0,204.2,Control
0,243.96,Control
0,187.01,Control
0,149.14,Control
0,239.96,Control
0,216.35,Control
0,171.97,Control
0,194.98,Control
0,225.93,Control
0,212.27,Control
0,227.89,Control
0,204.45,Control
0,174.4,Control
0,190.9,Control
0,165.74,Control
0,190.13,Control
0,214.38,Control
0,191.98,Control
0,204.37,Control
0,192.46,Control
0,144.72,Control
0,207.2,Control
0,194.09,Control
0,216.1,Control
0,224.12,Control
0,211.77,Control
0,202.59,Control
0,154.98,Control
0,247.44,Control
0,197,Control
0,212.88,Control
0,195.79,Control
0,205.67,Control
0,204.97,Control
0,177.11,Control
0,222.69,Control
0,175.4,Control
0,189,Control
0,147.89,Control
0,210.95,Control
0,141.92,Control
0,157.6,Control
0,257.82,Control
0,230.33,Control
0,206.03,Control
0,145.35,Control
0,238.07,Control
0,151.75,Control
0,172.02,Control
0,241.58,Control
0,199.42,Control
0,205.69,Control
0,190.39,Control
0,164.17,Control
0,183.46,Control
0,197.62,Control
0,184.63,Control
0,179.83,Control
0,183.55,Control
0,242.75,Control
0,150.42,Control
0,215.43,Control
0,165.74,Control
0,223.46,Control
0,220.15,Control
0,194.76,Control
0,202.15,Control
0,172.16,Control
0,226.36,Control
0,187.68,Control
0,208.11,Control
0,189.31,Control
0,209,Control
0,162.08,Control
0,160.99,Control
0,209.44,Control
0,224.45,Control
0,207.59,Control
0,176.35,Control
0,241.54,Control
0,202.95,Control
0,186.47,Control
0,197.91,Control
0,212.27,Control
0,192.4,Control
0,213.55,Control
0,167.18,Control
0,184.13,Control
0,195.32,Control
0,183.91,Control
0,191.92,Control
0,200.16,Control
0,199.95,Control
0,135.8,Control
0,162.37,Control
0,205.18,Control
0,230.34,Control
0,174.06,Control
0,170.35,Control
0,220.99,Control
0,180.75,Control
0,227.69,Control
0,178.96,Control
0,165.77,Control
0,179.18,Control
0,165.46,Control
0,171.72,Control
0,220.3,Control
0,171.45,Control
0,205.84,Control
0,171.06,Control
0,225.65,Control
0,296.84,Control
0,284.3,Control
0,157.92,Control
0,160.2,Control
0,201.26,Control
0,186.89,Control
0,150.05,Control
0,196.28,Control
0,175.08,Control
0,175.98,Control
0,149.73,Control
0,174.52,Control
0,170.3,Control
0,140.48,Control
0,261.97,Control
0,228.99,Control
0,195.15,Control
0,246.85,Control
0,166.68,Control
0,203.78,Control
0,148.5,Control
0,126.72,Control
0,158.81,Control
0,166.46,Control
0,212.79,Control
0,157.75,Control
0,163.56,Control
0,156.16,Control
0,250.18,Control
0,197.41,Control
0,192.8,Control
0,206.93,Control
0,195.55,Control
0,207.39,Control
0,233.91,Control
0,199.78,Control
0,175.49,Control
0,214.12,Control
0,184.99,Control
0,193.51,Control
0,225.95,Control
0,230.32,Control
0,172.98,Control
0,151.62,Control
0,187.14,Control
0,167.2,Control
0,151.16,Control
0,226.73,Control
0,217.47,Control
0,207.96,Control
0,144.18,Control
0,147.82,Control
0,187.57,Control
0,173.39,Control
0,225.97,Control
0,180.34,Control
0,138.36,Control
0,189.09,Control
0,213.92,Control
0,137.28,Control
0,160.97,Control
0,123.07,Control
0,117.19,Control
0,167.09,Control
0,191.02,Control
0,182.49,Control
0,205.52,Control
0,156.97,Control
0,219.8,Control
0,228.69,Control
0,194.23,Control
0,185.91,Control
0,213.88,Control
0,207.65,Control
0,226.43,Control
0,172.86,Control
0,200.53,Control
0,199.96,Control
0,220.38,Control
0,183.08,Control
0,193.61,Control
0,202.58,Control
0,147.9,Control
0,229.62,Control
0,218.3,Control
0,179.57,Control
0,153.95,Control
0,137.78,Control
0,228.71,Control
0,162.35,Control
0,258.2,Control
0,236.1,Control
0,201.74,Control
0,176.78,Control
0,218.79,Control
0,189.28,Control
0,246.23,Control
0,214,Control
0,200.65,Control
0,204.43,Control
0,234.21,Control
0,218.59,Control
0,191.93,Control
0,160.3,Control
0,169.05,Control
0,221.12,Control
0,165.53,Control
0,231.25,Control
0,199.26,Control
0,212.51,Control
0,201.21,Control
0,130.57,Control
0,227.33,Control
0,198.48,Control
0,238.82,Control
0,198.77,Control
0,166.05,Control
0,234.74,Control
0,185.78,Control
0,190.47,Control
0,201.62,Control
0,210.91,Control
0,227.72,Control
0,144.63,Control
0,153.5,Control
0,239.31,Control
0,213.67,Control
0,233.45,Control
0,192.02,Control
0,213.77,Control
0,206.04,Control
0,260.24,Control
0,168.22,Control
0,171.16,Control
0,227.65,Control
0,251.39,Control
0,231.63,Control
0,187.1,Control
0,165.77,Control
0,195.6,Control
0,172.87,Control
0,117.19,Control
0,160.53,Control
0,160.54,Control
0,214.78,Control
0,182.73,Control
0,206.94,Control
0,148.16,Control
0,213.17,Control
0,255.94,Control
0,209.44,Control
0,231.32,Control
0,191.3,Control
0,200.71,Control
0,230.91,Control
0,232.1,Control
0,181.93,Control
0,196.73,Control
0,204.69,Control
0,204.41,Control
0,219.61,Control
0,190.12,Control
0,158.36,Control
0,192.27,Control
0,143.86,Control
0,179.4,Control
0,251.13,Control
0,217.87,Control
0,185.73,Control
0,220.13,Control
0,178.42,Control
0,158.53,Control
0,144.55,Control
0,176.58,Control
0,231.85,Control
0,217.89,Control
0,205.74,Control
0,217.64,Control
0,237.51,Control
0,195.54,Control
0,171.05,Control
0,189.76,Control
0,196.51,Control
0,167.78,Control
0,235.55,Control
0,213.5,Control
0,168.21,Control
0,203.17,Control
0,237.66,Control
0,209.55,Control
0,229.81,Control
0,193,Control
0,206.64,Control
0,179.33,Control
0,225.82,Control
0,160.25,Control
0,180.54,Control
0,219.56,Control
0,210.42,Control
0,180.7,Control
0,197.43,Control
0,129.69,Control
0,205.13,Control
0,180.97,Control
0,196.99,Control
0,214.98,Control
0,221.72,Control
0,176.41,Control
0,134.23,Control
0,177.32,Control
0,194.55,Control
0,225.44,Control
0,219.85,Control
0,85.2,Control
0,200.91,Control
0,177.14,Control
0,187.97,Control
0,220.1,Control
0,246.21,Control
0,191.98,Control
0,200.11,Control
0,200.71,Control
0,213.22,Control
0,174.43,Control
0,220.62,Control
0,267.81,Control
0,178.39,Control
0,216.97,Control
0,189.91,Control
0,205.69,Control
0,193.76,Control
0,206.76,Control
0,141.06,Control
0,187.48,Control
0,230.34,Control
0,215.96,Control
0,171.63,Control
0,195.44,Control
0,224.22,Control
0,188.3,Control
0,201.28,Control
0,187.58,Control
0,217.39,Control
0,196.9,Control
0,188.28,Control
0,199.46,Control
0,146.99,Control
0,245.44,Control
0,184.82,Control
0,175.43,Control
0,172.4,Control
0,213.74,Control
0,152.73,Control
0,205.2,Control
0,225.67,Control
0,208.7,Control
0,182.96,Control
0,199.14,Control
0,224.94,Control
0,240.03,Control
0,202.45,Control
0,204.92,Control
0,194.48,Control
0,176.03,Control
0,212.24,Control
0,180.62,Control
0,224.32,Control
0,191.72,Control
0,213.4,Control
0,199.43,Control
0,142.75,Control
0,115.75,Control
0,180.86,Control
0,165.41,Control
0,181.71,Control
0,148.6,Control
0,249.84,Control
0,204.45,Control
0,170.61,Control
0,221.14,Control
0,184.67,Control
0,231.12,Control
0,190.37,Control
0,196.25,Control
0,198.05,Control
0,226.53,Control
0,251.19,Control
0,171.47,Control
0,195.5,Control
0,225.43,Control
0,241.86,Control
0,223.45,Control
0,185.34,Control
0,204.98,Control
0,177.24,Control
0,171.59,Control
0,181.9,Control
0,178.19,Control
0,216.44,Control
0,196.77,Control
0,159.02,Control
0,172.92,Control
0,190.5,Control
0,180.06,Control
0,174.14,Control
0,178.16,Control
0,207.24,Control
0,172.24,Control
0,266.9,Control
0,152.08,Control
0,218.78,Control
0,193.09,Control
0,208.43,Control
0,179.78,Control
0,200.33,Control
0,196.88,Control
0,159.18,Control
0,207.81,Control
0,174.75,Control
0,255.66,Control
0,198.37,Control
0,163.23,Control
0,170.79,Control
0,243.24,Control
0,245.02,Control
0,175.69,Control
0,217.64,Control
0,224.66,Control
0,199.09,Control
0,138.02,Control
0,176.11,Control
0,219.98,Control
0,184.69,Control
0,201.24,Control
0,201.41,Control
0,168.34,Control
0,195.98,Control
0,191.69,Control
0,181.51,Control
0,224.55,Control
0,216.38,Control
0,192.1,Control
0,206.38,Control
0,233.99,Control
0,195.95,Control
0,149.26,Control
0,206.62,Control
0,211.03,Control
0,179.69,Control
0,168.64,Control
0,211.66,Control
0,211.95,Control
0,176.92,Control
0,188.29,Control
0,171.65,Control
0,193.6,Control
0,182.44,Control
0,191.73,Control
0,234.19,Control
0,130.9,Control
0,139.8,Control
0,198.65,Control
0,208.71,Control
0,157.76,Control
0,171.46,Control
0,196.67,Control
0,175.24,Control
0,192.96,Control
0,256.82,Control
0,209.71,Control
0,196.1,Control
0,193.07,Control
0,171.94,Control
0,226.61,Control
0,216.24,Control
0,219.23,Control
0,155.87,Control
0,180.23,Control
0,185.09,Control
0,174.14,Control
0,166.58,Control
0,207.02,Control
0,213.7,Control
0,206.59,Control
0,206.51,Control
0,219.48,Control
0,181.49,Control
0,189.35,Control
0,241.16,Control
0,182.89,Control
0,186.51,Control
0,234.5,Control
0,226.91,Control
0,216.54,Control
0,251.48,Control
0,208.7,Control
0,179.78,Control
0,169.87,Control
0,207.2,Control
0,219.6,Control
0,230.2,Control
0,149.82,Control
0,193.3,Control
0,191.19,Control
0,144.39,Control
0,232.21,Control
0,180.82,Control
0,181.08,Control
0,165.52,Control
0,200.47,Control
0,230.03,Control
0,204.38,Control
0,171.46,Control
0,161.15,Control
0,171.25,Control
0,230.96,Control
0,157.58,Control
0,209.62,Control
0,182.81,Control
0,190.76,Control
0,169.2,Control
0,158.44,Control
0,124.84,Control
0,162.18,Control
0,237.47,Control
0,166.25,Control
0,189.8,Control
0,188.21,Control
0,173.88,Control
0,226.03,Control
0,198.99,Control
0,207.4,Control
0,191.86,Control
0,195.89,Control
0,204.02,Control
0,179.16,Control
0,201.97,Control
0,246.33,Control
0,152.55,Control
0,193.59,Control
0,205.86,Control
0,198.45,Control
0,182.97,Control
0,209.42,Control
0,211.88,Control
0,187.05,Control
0,213.08,Control
0,261.49,Control
0,154.79,Control
0,198.65,Control
0,180.22,Control
0,207.98,Control
0,192.26,Control
0,170.04,Control
0,170.22,Control
0,215.17,Control
0,154.7,Control
0,178.65,Control
0,204.55,Control
0,235.07,Control
0,262.59,Control
0,237.79,Control
0,186.83,Control
0,198.23,Control
0,170.43,Control
0,158.17,Control
0,209.81,Control
0,198.06,Control
0,152.84,Control
0,145.2,Control
0,124.51,Control
0,203.86,Control
0,210.08,Control
0,228.75,Control
0,213.26,Control
0,198.7,Control
0,160.71,Control
0,189.36,Control
0,224.94,Control
0,213.46,Control
0,221.43,Control
0,186.81,Control
0,132.72,Control
0,162.65,Control
0,243.29,Control
0,220.74,Control
0,172.99,Control
0,241.22,Control
0,193.83,Control
0,182.65,Control
0,158.6,Control
0,216.88,Control
0,270.52,Control
0,213.98,Control
0,179.2,Control
0,228.27,Control
0,142.37,Control
0,153.77,Control
0,221.75,Control
0,177.36,Control
0,114.73,Control
0,173.35,Control
0,229.75,Control
0,173.18,Control
0,229.39,Control
0,187.7,Control
0,211.77,Control
0,209.69,Control
0,198.91,Control
0,174.28,Control
0,224.55,Control
0,265.28,Control
0,183.05,Control
0,222.17,Control
0,207.18,Control
0,200.92,Control
0,244.34,Control
0,205.99,Control
0,203.74,Control
0,225.54,Control
0,191.16,Control
0,223.79,Control
0,201.35,Control
0,206.57,Control
0,142.94,Control
0,224.81,Control
0,211.8,Control
0,204,Control
0,218.15,Control
0,190.49,Control
0,206.81,Control
0,207.12,Control
0,194.62,Control
0,252.24,Control
0,220.21,Control
0,161.79,Control
0,208.1,Control
0,226.95,Control
0,184.16,Control
0,230.95,Control
0,241.31,Control
0,188.14,Control
0,206.46,Control
0,207.75,Control
0,235.55,Control
0,196.84,Control
0,211.58,Control
0,154.45,Control
0,209.56,Control
0,219.32,Control
0,151.95,Control
0,208.9,Control
0,157.54,Control
0,192.56,Control
0,220.75,Control
0,182.48,Control
0,237.32,Control
0,186.9,Control
0,197.4,Control
0,255.53,Control
0,238.68,Control
0,183.92,Control
0,212.03,Control
0,189.23,Control
0,183.44,Control
0,189.07,Control
0,162.38,Control
0,174.1,Control
0,204.52,Control
0,209.3,Control
0,207.49,Control
0,170.07,Control
0,234.92,Control
0,218.03,Control
0,188.39,Control
0,167.86,Control
0,200.25,Control
0,180.26,Control
0,185.74,Control
0,196.4,Control
0,178.17,Control
0,213.83,Control
0,148.04,Control
0,248.41,Control
0,191.52,Control
0,204.86,Control
0,212.74,Control
0,177.47,Control
0,207.58,Control
0,175.46,Control
0,184.14,Control
0,194.96,Control
0,195.69,Control
0,184.49,Control
0,133.04,Control
0,167.09,Control
0,204.73,Control
0,254.65,Control
0,179.56,Control
0,193,Control
0,259.98,Control
0,182.25,Control
0,198.74,Control
0,144.02,Control
0,184.02,Control
0,222.71,Control
0,184.04,Control
0,157.6,Control
0,159.32,Control
0,182.35,Control
0,224.7,Control
0,168.21,Control
0,235.03,Control
0,199.58,Control
0,190.08,Control
0,208.57,Control
0,189.59,Control
0,204.94,Control
0,160.88,Control
0,177.16,Control
0,172.82,Control
0,161.7,Control
0,222.38,Control
0,205.16,Control
0,142.23,Control
0,144.93,Control
0,146.58,Control
0,200.29,Control
0,194.16,Control
0,225.41,Control
0,154.04,Control
0,209.68,Control
0,262.44,Control
0,184.09,Control
0,216.23,Control
0,170.61,Control
0,200.34,Control
0,190.51,Control
0,198.93,Control
0,207.01,Control
0,158.71,Control
0,188.31,Control
0,165.53,Control
0,144.82,Control
0,195.3,Control
0,208.25,Control
0,156.43,Control
0,213.53,Control
0,182.96,Control
0,201.64,Control
0,161.41,Control
1,270.98,Job Corps
1,189.27,Job Corps
1,240.73,Job Corps
1,207.37,Job Corps
1,216.24,Job Corps
1,248.38,Job Corps
1,234.76,Job Corps
1,157.03,Job Corps
1,206.69,Job Corps
1,236.38,Job Corps
1,153.95,Job Corps
1,219,Job Corps
1,191.12,Job Corps
1,191.81,Job Corps
1,187.11,Job Corps
1,184.5,Job Corps
1,225.86,Job Corps
1,230.16,Job Corps
1,208.18,Job Corps
1,209.79,Job Corps
1,263.66,Job Corps
1,227.99,Job Corps
1,186.14,Job Corps
1,223.46,Job Corps
1,238.89,Job Corps
1,217.29,Job Corps
1,224.47,Job Corps
1,173.66,Job Corps
1,231.04,Job Corps
1,199.83,Job Corps
1,229.94,Job Corps
1,162.07,Job Corps
1,203.54,Job Corps
1,210.02,Job Corps
1,225.62,Job Corps
1,212.79,Job Corps
1,171.46,Job Corps
1,224.87,Job Corps
1,225.54,Job Corps
1,189.13,Job Corps
1,205.42,Job Corps
1,252.72,Job Corps
1,138.94,Job Corps
1,181.82,Job Corps
1,249.31,Job Corps
1,237.1,Job Corps
1,178.96,Job Corps
1,229.18,Job Corps
1,197.12,Job Corps
1,203.42,Job Corps
1,208.11,Job Corps
1,239.54,Job Corps
1,175.92,Job Corps
1,182.35,Job Corps
1,234.4,Job Corps
1,156.89,Job Corps
1,218.1,Job Corps
1,215.52,Job Corps
1,228.28,Job Corps
1,195.4,Job Corps
1,234.23,Job Corps
1,235.59,Job Corps
1,175.41,Job Corps
1,188.69,Job Corps
1,179.33,Job Corps
1,184.48,Job Corps
1,173.12,Job Corps
1,177.57,Job Corps
1,284.45,Job Corps
1,240.36,Job Corps
1,274.61,Job Corps
1,203.33,Job Corps
1,174,Job Corps
1,213.49,Job Corps
1,221.87,Job Corps
1,169.82,Job Corps
1,189.31,Job Corps
1,185.02,Job Corps
1,156.37,Job Corps
1,183.88,Job Corps
1,191.32,Job Corps
1,186.11,Job Corps
1,228.25,Job Corps
1,211.23,Job Corps
1,232.64,Job Corps
1,246.76,Job Corps
1,181.36,Job Corps
1,181.92,Job Corps
1,155.59,Job Corps
1,149.64,Job Corps
1,200.13,Job Corps
1,228.86,Job Corps
1,192.71,Job Corps
1,232.06,Job Corps
1,184.44,Job Corps
1,284.54,Job Corps
1,215.69,Job Corps
1,225.48,Job Corps
1,200.62,Job Corps
1,186.17,Job Corps
1,173.21,Job Corps
1,180.19,Job Corps
1,219.37,Job Corps
1,239.02,Job Corps
1,216.35,Job Corps
1,240.76,Job Corps
1,306.87,Job Corps
1,257.06,Job Corps
1,193.63,Job Corps
1,262.2,Job Corps
1,265.3,Job Corps
1,213.82,Job Corps
1,260.87,Job Corps
1,254.35,Job Corps
1,235.44,Job Corps
1,212.77,Job Corps
1,205.27,Job Corps
1,195.13,Job Corps
1,186.73,Job Corps
1,196.79,Job Corps
1,267.89,Job Corps
1,221,Job Corps
1,242.02,Job Corps
1,235.81,Job Corps
1,204.21,Job Corps
1,238.89,Job Corps
1,198.25,Job Corps
1,222.1,Job Corps
1,274.62,Job Corps
1,248.15,Job Corps
1,198.11,Job Corps
1,178.52,Job Corps
1,191.65,Job Corps
1,202.01,Job Corps
1,212.99,Job Corps
1,179.98,Job Corps
1,222.77,Job Corps
1,225.17,Job Corps
1,175.17,Job Corps
1,207.94,Job Corps
1,165.36,Job Corps
1,221.66,Job Corps
1,204.84,Job Corps
1,187.16,Job Corps
1,212.08,Job Corps
1,229.96,Job Corps
1,198.61,Job Corps
1,225.81,Job Corps
1,292.9,Job Corps
1,173.73,Job Corps
1,208.38,Job Corps
1,225.71,Job Corps
1,188.51,Job Corps
1,236.15,Job Corps
1,203.48,Job Corps
1,221.2,Job Corps
1,192,Job Corps
1,221.72,Job Corps
1,207.37,Job Corps
1,259.05,Job Corps
1,217.92,Job Corps
1,207.11,Job Corps
1,168.05,Job Corps
1,150.14,Job Corps
1,227.68,Job Corps
1,190.15,Job Corps
1,195.71,Job Corps
1,207.97,Job Corps
1,219.89,Job Corps
1,284.25,Job Corps
1,234.51,Job Corps
1,249.64,Job Corps
1,214.52,Job Corps
1,219.48,Job Corps
1,244.66,Job Corps
1,189.31,Job Corps
1,217.84,Job Corps
1,220.87,Job Corps
1,195.3,Job Corps
1,164.09,Job Corps
1,165.58,Job Corps
1,248.65,Job Corps
1,190.11,Job Corps
1,166.58,Job Corps
1,210.91,Job Corps
1,253.03,Job Corps
1,229.61,Job Corps
1,227.38,Job Corps
1,215.08,Job Corps
1,150.88,Job Corps
1,239.69,Job Corps
1,196.87,Job Corps
1,209.98,Job Corps
1,187.51,Job Corps
1,205.68,Job Corps
1,223.69,Job Corps
1,201.56,Job Corps
1,209.19,Job Corps
1,246.01,Job Corps
1,240.05,Job Corps
1,240.94,Job Corps
1,198.71,Job Corps
1,247.43,Job Corps
1,193.52,Job Corps
1,216.32,Job Corps
1,228.13,Job Corps
1,246.55,Job Corps
1,220.33,Job Corps
1,193.29,Job Corps
1,215.83,Job Corps
1,157.35,Job Corps
1,213.76,Job Corps
1,253.42,Job Corps
1,219.09,Job Corps
1,215.03,Job Corps
1,225.03,Job Corps
1,194.76,Job Corps
1,173.16,Job Corps
1,222.38,Job Corps
1,157,Job Corps
1,239.59,Job Corps
1,269.99,Job Corps
1,196.22,Job Corps
1,213,Job Corps
1,243.58,Job Corps
1,210.52,Job Corps
1,214.22,Job Corps
1,227.05,Job Corps
1,155.86,Job Corps
1,231.4,Job Corps
1,195.97,Job Corps
1,257.13,Job Corps
1,174.67,Job Corps
1,238.99,Job Corps
1,203.22,Job Corps
1,235.18,Job Corps
1,186.99,Job Corps
1,230.22,Job Corps
1,208.76,Job Corps
1,199.83,Job Corps
1,186.73,Job Corps
1,216.09,Job Corps
1,245.54,Job Corps
1,254.71,Job Corps
1,211.59,Job Corps
1,209.06,Job Corps
1,208.54,Job Corps
1,187.26,Job Corps
1,213.42,Job Corps
1,211.66,Job Corps
1,250.44,Job Corps
1,220.68,Job Corps
1,268.64,Job Corps
1,207.06,Job Corps
1,229.78,Job Corps
1,223.73,Job Corps
1,233.47,Job Corps
1,144.25,Job Corps
1,240.76,Job Corps
1,214.75,Job Corps
1,236.75,Job Corps
1,237.86,Job Corps
1,208.82,Job Corps
1,218.19,Job Corps
1,254.9,Job Corps
1,161.13,Job Corps
1,215.21,Job Corps
1,281.86,Job Corps
1,205.01,Job Corps
1,187.09,Job Corps
1,215.74,Job Corps
1,209.62,Job Corps
1,175.1,Job Corps
1,247.44,Job Corps
1,256.44,Job Corps
1,185.6,Job Corps
1,216,Job Corps
1,195.71,Job Corps
1,218.03,Job Corps
1,217.1,Job Corps
1,146.35,Job Corps
1,240.05,Job Corps
1,226.77,Job Corps
1,216.92,Job Corps
1,206.25,Job Corps
1,196.95,Job Corps
1,195.43,Job Corps
1,231.54,Job Corps
1,195.72,Job Corps
1,256.64,Job Corps
1,212.99,Job Corps
1,230.41,Job Corps
1,174.92,Job Corps
1,206.63,Job Corps
1,217,Job Corps
1,197.4,Job Corps
1,186.69,Job Corps
1,241.64,Job Corps
1,232.48,Job Corps
1,224.5,Job Corps
1,200.77,Job Corps
1,188.54,Job Corps
1,216.72,Job Corps
1,245.16,Job Corps
1,273.59,Job Corps
1,204.66,Job Corps
1,193.51,Job Corps
1,227.95,Job Corps
1,155.68,Job Corps
1,218.57,Job Corps
1,193.16,Job Corps
1,214.88,Job Corps
1,235.14,Job Corps
1,195.49,Job Corps
1,201.14,Job Corps
1,228.91,Job Corps
1,212.41,Job Corps
1,176.87,Job Corps
1,178.37,Job Corps
1,216.47,Job Corps
1,187.66,Job Corps
1,152.91,Job Corps
1,272.59,Job Corps
1,202.3,Job Corps
1,176.56,Job Corps
1,261.41,Job Corps
1,212.69,Job Corps
1,182.53,Job Corps
1,235.14,Job Corps
1,274.72,Job Corps
1,212.39,Job Corps
1,234.98,Job Corps
1,174.68,Job Corps
1,253.72,Job Corps
1,221.12,Job Corps
1,199.61,Job Corps
1,197.23,Job Corps
1,184.89,Job Corps
1,166.45,Job Corps
1,197.24,Job Corps
1,143.35,Job Corps
1,213.5,Job Corps
1,219.85,Job Corps
1,188.45,Job Corps
1,199.26,Job Corps
1,214.58,Job Corps
1,241.34,Job Corps
1,237.86,Job Corps
1,229.57,Job Corps
1,232.43,Job Corps
1,280.89,Job Corps
1,214.51,Job Corps
1,211.7,Job Corps
1,223.87,Job Corps
1,254.42,Job Corps
1,188.56,Job Corps
1,215.17,Job Corps
1,254.29,Job Corps
1,199.23,Job Corps
1,219.09,Job Corps
1,196.98,Job Corps
1,226.49,Job Corps
1,151.76,Job Corps
1,238.56,Job Corps
1,175.16,Job Corps
1,169.83,Job Corps
1,225.39,Job Corps
1,198.7,Job Corps
1,184.2,Job Corps
1,234.07,Job Corps
1,228.88,Job Corps
1,221.7,Job Corps
1,189.65,Job Corps
1,220.18,Job Corps
1,252.08,Job Corps
1,177.55,Job Corps
1,180.85,Job Corps
1,193.63,Job Corps
1,236.08,Job Corps
1,206.9,Job Corps
1,199.06,Job Corps
1,198.81,Job Corps
1,205.09,Job Corps
1,202.99,Job Corps
1,264.1,Job Corps
1,212.36,Job Corps
1,170.37,Job Corps
1,246.64,Job Corps
1,241.56,Job Corps
1,196.13,Job Corps
1,223.12,Job Corps
1,219.9,Job Corps
1,168.25,Job Corps
1,223.23,Job Corps
1,248.81,Job Corps
1,125.62,Job Corps
1,204.84,Job Corps
1,186.2,Job Corps
1,197.46,Job Corps
1,286.33,Job Corps
1,230.06,Job Corps
1,167.68,Job Corps
1,167.96,Job Corps
1,248.91,Job Corps
1,263.93,Job Corps
1,179.34,Job Corps
1,181.95,Job Corps
1,256.18,Job Corps
1,192.23,Job Corps
1,249.07,Job Corps
1,168,Job Corps
1,242.42,Job Corps
1,192.4,Job Corps
1,184.26,Job Corps
1,193.66,Job Corps
1,221.8,Job Corps
1,155.03,Job Corps
1,207.68,Job Corps
1,201.59,Job Corps
1,180.7,Job Corps
1,212.13,Job Corps
1,242.09,Job Corps
1,243.68,Job Corps
1,197.97,Job Corps
1,207.32,Job Corps
1,231.52,Job Corps
1,222.33,Job Corps
1,181.14,Job Corps
1,217.77,Job Corps
1,197.81,Job Corps
1,212.88,Job Corps
1,266.18,Job Corps
1,180.37,Job Corps
1,209.13,Job Corps
1,166.42,Job Corps
1,214.12,Job Corps
1,247.38,Job Corps
1,203.49,Job Corps
1,195.96,Job Corps
1,239.44,Job Corps
1,194.12,Job Corps
1,187.21,Job Corps
1,269.91,Job Corps
1,227.75,Job Corps
1,211.69,Job Corps
1,192.28,Job Corps
1,239.91,Job Corps
1,226.76,Job Corps
1,200.29,Job Corps
1,193.19,Job Corps
1,223.66,Job Corps
1,250.34,Job Corps
1,237.52,Job Corps
1,232.48,Job Corps
1,279.19,Job Corps
1,252.25,Job Corps
1,187.83,Job Corps
1,225.42,Job Corps
1,195.57,Job Corps
1,183.68,Job Corps
1,180.06,Job Corps
1,212.72,Job Corps
1,227.24,Job Corps
1,257.14,Job Corps
1,128.11,Job Corps
1,238.89,Job Corps
1,164.36,Job Corps
1,182.54,Job Corps
1,232.76,Job Corps
1,158.68,Job Corps
1,233.77,Job Corps
1,146.51,Job Corps
1,245.38,Job Corps
1,202.51,Job Corps
1,229.42,Job Corps
1,247.06,Job Corps
1,189.92,Job Corps
1,210.43,Job Corps
1,192.46,Job Corps
1,253.55,Job Corps
1,229.48,Job Corps
1,248.4,Job Corps
1,234.49,Job Corps
1,204.2,Job Corps
1,205.8,Job Corps
1,239.85,Job Corps
1,187.19,Job Corps
1,236.53,Job Corps
1,203.44,Job Corps
1,224.04,Job Corps
1,182.37,Job Corps
1,260.27,Job Corps
1,251.67,Job Corps
1,251.67,Job Corps
1,196.14,Job Corps
1,212.59,Job Corps
1,182.92,Job Corps
1,196.68,Job Corps
1,175.15,Job Corps
1,219.63,Job Corps
1,218.9,Job Corps
1,178.45,Job Corps
1,180.78,Job Corps
1,250.91,Job Corps
1,211.86,Job Corps
1,266.17,Job Corps
1,221.74,Job Corps
1,189.64,Job Corps
1,218.12,Job Corps
1,250.18,Job Corps
1,246.32,Job Corps
1,196.43,Job Corps
1,236.18,Job Corps
1,200.13,Job Corps
1,206.7,Job Corps
1,169.72,Job Corps
1,193.08,Job Corps
1,219.38,Job Corps
1,292.23,Job Corps
1,216.92,Job Corps
1,177.56,Job Corps
1,176.52,Job Corps
1,228.7,Job Corps
1,254.36,Job Corps
1,191.83,Job Corps
1,234.13,Job Corps
1,285.96,Job Corps
1,214.5,Job Corps
1,223.33,Job Corps
1,199.02,Job Corps
1,229.98,Job Corps
1,176.07,Job Corps
1,244.77,Job Corps
1,211.16,Job Corps
1,204.65,Job Corps
1,195.96,Job Corps
1,185.35,Job Corps
1,230.05,Job Corps
1,252.25,Job Corps
1,197.29,Job Corps
1,256.12,Job Corps
1,182.97,Job Corps
1,236.12,Job Corps
1,199.04,Job Corps
1,194.76,Job Corps
1,174.11,Job Corps
1,167.98,Job Corps
1,178.86,Job Corps
1,237.65,Job Corps
1,208.28,Job Corps
1,216.98,Job Corps
1,187.68,Job Corps
1,202.26,Job Corps
1,240.11,Job Corps
1,192.36,Job Corps
1,182.8,Job Corps
1,180.6,Job Corps
1,173.84,Job Corps
1,211.45,Job Corps
1,216.13,Job Corps
1,218.02,Job Corps
1,213.87,Job Corps
1,229.46,Job Corps
1,210.35,Job Corps
1,171.42,Job Corps
1,265.51,Job Corps
1,154.1,Job Corps
1,177.02,Job Corps
1,215.87,Job Corps
1,196.3,Job Corps
1,223.02,Job Corps
1,209.36,Job Corps
1,203.58,Job Corps
1,225.21,Job Corps
1,202.89,Job Corps
1,205.07,Job Corps
1,189.73,Job Corps
1,189.28,Job Corps
1,206.29,Job Corps
1,206.79,Job Corps
1,182.5,Job Corps
1,251.76,Job Corps
1,211.14,Job Corps
1,230.12,Job Corps
1,293.76,Job Corps
1,203.61,Job Corps
1,243.56,Job Corps
1,270.39,Job Corps
1,210.93,Job Corps
1,197.15,Job Corps
1,180.43,Job Corps
1,194.77,Job Corps
1,222.2,Job Corps
1,222.69,Job Corps
1,213.84,Job Corps
1,205.06,Job Corps
1,183.57,Job Corps
1,191.96,Job Corps
1,188.22,Job Corps
1,175.64,Job Corps
1,239.83,Job Corps
1,187.87,Job Corps
1,226.56,Job Corps
1,268.34,Job Corps
1,201.33,Job Corps
1,227.27,Job Corps
1,213.06,Job Corps
1,231.32,Job Corps
1,248.71,Job Corps
1,251,Job Corps
1,208.86,Job Corps
1,229.47,Job Corps
1,201.27,Job Corps
1,198.19,Job Corps
1,217.29,Job Corps
1,228.74,Job Corps
1,154.99,Job Corps
1,207.83,Job Corps
1,223.5,Job Corps
1,240.43,Job Corps
1,215.26,Job Corps
1,215.32,Job Corps
1,235.55,Job Corps
1,242.63,Job Corps
1,209.86,Job Corps
1,212.06,Job Corps
1,200.44,Job Corps
1,276.87,Job Corps
1,220.54,Job Corps
1,177.62,Job Corps
1,194.16,Job Corps
1,195.07,Job Corps
1,230.81,Job Corps
1,154.69,Job Corps
1,207.4,Job Corps
1,221.35,Job Corps
1,166.58,Job Corps
1,240.57,Job Corps
1,191.74,Job Corps
1,215.19,Job Corps
1,225.86,Job Corps
1,220.09,Job Corps
1,255.82,Job Corps
1,207.01,Job Corps
1,248.16,Job Corps
1,242.35,Job Corps
1,254.81,Job Corps
1,210.56,Job Corps
1,183.68,Job Corps
1,239.76,Job Corps
1,211.73,Job Corps
1,224.17,Job Corps
1,277.56,Job Corps
1,152.79,Job Corps
1,221.76,Job Corps
1,226.39,Job Corps
1,220.73,Job Corps
1,222.68,Job Corps
1,205.56,Job Corps
1,185.06,Job Corps
1,230.56,Job Corps
1,181.4,Job Corps
1,138.89,Job Corps
1,162.93,Job Corps
1,216.83,Job Corps
1,226.64,Job Corps
1,235.95,Job Corps
1,173.11,Job Corps
1,220.77,Job Corps
1,221.85,Job Corps
1,191.02,Job Corps
1,267.84,Job Corps
1,190.78,Job Corps
1,295.58,Job Corps
1,187.62,Job Corps
1,171.67,Job Corps
1,172.19,Job Corps
1,206.51,Job Corps
1,223.43,Job Corps
1,202.82,Job Corps
1,156.88,Job Corps
1,225.08,Job Corps
1,228.75,Job Corps
1,170.5,Job Corps
1,187.64,Job Corps
1,197.02,Job Corps
1,198.62,Job Corps
1,249.64,Job Corps
1,168.34,Job Corps
1,191.64,Job Corps
1,254.57,Job Corps
1,186.03,Job Corps
1,234.46,Job Corps
1,211.25,Job Corps
1,231.39,Job Corps
1,195.19,Job Corps
1,292.91,Job Corps
1,218.75,Job Corps
1,187.77,Job Corps
1,239.52,Job Corps
1,190.16,Job Corps
1,195.66,Job Corps
1,227.26,Job Corps
1,214.03,Job Corps
1,238.56,Job Corps
1,224.72,Job Corps
1,199.1,Job Corps
1,174.83,Job Corps
1,214.82,Job Corps
1,251.59,Job Corps
1,231.75,Job Corps
1,186.05,Job Corps
1,209.78,Job Corps
1,244.28,Job Corps
1,231.12,Job Corps
1,247.45,Job Corps
1,223.97,Job Corps
1,156.12,Job Corps
1,167.09,Job Corps
1,248.35,Job Corps
1,212.11,Job Corps
1,198.35,Job Corps
1,206.94,Job Corps
1,221.77,Job Corps
1,226.04,Job Corps
1,189.69,Job Corps
1,272.08,Job Corps
1,216.78,Job Corps
1,214.82,Job Corps
1,226.52,Job Corps
1,169.21,Job Corps
1,252.82,Job Corps
1,169.32,Job Corps
1,253.16,Job Corps
1,184.08,Job Corps
1,257.67,Job Corps
1,228.86,Job Corps
1,254.21,Job Corps
1,181.52,Job Corps
1,234.68,Job Corps
1,206.66,Job Corps
1,169.38,Job Corps
1,217.74,Job Corps
1,214.3,Job Corps
1,241.26,Job Corps
1,168.5,Job Corps
1,146.59,Job Corps
1,224.55,Job Corps
1,214.83,Job Corps
1,239.67,Job Corps
1,148.5,Job Corps
1,186.13,Job Corps
1,173.99,Job Corps
1,185.6,Job Corps
1,246.14,Job Corps
1,232.97,Job Corps
1,215.32,Job Corps
1,179.64,Job Corps
1,179.95,Job Corps
1,211.89,Job Corps
1,270.51,Job Corps
1,163.78,Job Corps
1,218.35,Job Corps
1,194.01,Job Corps
1,203.05,Job Corps
1,212.34,Job Corps
1,265.37,Job Corps
1,214.84,Job Corps
1,201.98,Job Corps
1,195.25,Job Corps
1,189.7,Job Corps
1,210.5,Job Corps
1,200.64,Job Corps
1,185.92,Job Corps
1,237.11,Job Corps
1,231.23,Job Corps
1,246.06,Job Corps
1,202.5,Job Corps
1,203,Job Corps
1,241.29,Job Corps
1,193.81,Job Corps
1,225.99,Job Corps
1,200.91,Job Corps
1,243.69,Job Corps
1,182.08,Job Corps
1,201.11,Job Corps
1,216.03,Job Corps
1,200.58,Job Corps
1,231.56,Job Corps
1,197.96,Job Corps
1,241,Job Corps
1,167.03,Job Corps
1,186.36,Job Corps
1,220.24,Job Corps
1,195.48,Job Corps
1,204.45,Job Corps
1,242.28,Job Corps
1,234.95,Job Corps
1,251.08,Job Corps
1,196.25,Job Corps
1,203.11,Job Corps
1,248.71,Job Corps
1,194.53,Job Corps
1,235.25,Job Corps
1,178.51,Job Corps
1,194.91,Job Corps
1,200.4,Job Corps
1,202.1,Job Corps
1,218.15,Job Corps
1,199.94,Job Corps
1,192.64,Job Corps
1,195.89,Job Corps
1,238.3,Job Corps
1,240.78,Job Corps
1,233.16,Job Corps
1,150.65,Job Corps
1,227.68,Job Corps
1,227.77,Job Corps
1,241.2,Job Corps
1,267.35,Job Corps
1,214.5,Job Corps
1,245.04,Job Corps
1,156.42,Job Corps
1,160.09,Job Corps
1,180.48,Job Corps
1,226.58,Job Corps
1,212.45,Job Corps
1,189.21,Job Corps
1,137.26,Job Corps
1,233.1,Job Corps
1,250.96,Job Corps
1,181.18,Job Corps
1,169.92,Job Corps
1,208.91,Job Corps
1,260.86,Job Corps
1,137.48,Job Corps
1,222.38,Job Corps
1,157.15,Job Corps
1,230.22,Job Corps
1,152.23,Job Corps
1,237.74,Job Corps
1,178.4,Job Corps
1,229.23,Job Corps
1,234.86,Job Corps
1,221.53,Job Corps
1,212.39,Job Corps
1,202.84,Job Corps
1,196.91,Job Corps
1,190.41,Job Corps
1,175.36,Job Corps
1,257.53,Job Corps
1,229.62,Job Corps
1,195.02,Job Corps
1,156.86,Job Corps
1,230.59,Job Corps
1,188.66,Job Corps
1,213.54,Job Corps
1,171.14,Job Corps
1,145.51,Job Corps
1,218.52,Job Corps
1,281.1,Job Corps
1,164.81,Job Corps
1,243.89,Job Corps
1,215.73,Job Corps
1,172.02,Job Corps
1,221.23,Job Corps
1,222.27,Job Corps
1,231.9,Job Corps
1,190.2,Job Corps
1,201.64,Job Corps
1,207.7,Job Corps
1,218.95,Job Corps
1,238.73,Job Corps
1,212.75,Job Corps
1,208.47,Job Corps
1,226.49,Job Corps
1,239.45,Job Corps
1,205.14,Job Corps
1,215.26,Job Corps
1,218.41,Job Corps
1,197.74,Job Corps
1,188.94,Job Corps
1,167.96,Job Corps
1,212.04,Job Corps
1,268.51,Job Corps
1,248.69,Job Corps
1,174.97,Job Corps
1,201.65,Job Corps
1,232.65,Job Corps
1,200.21,Job Corps
1,240.92,Job Corps
1,183.73,Job Corps
1,219.46,Job Corps
1,256.06,Job Corps
1,231.72,Job Corps
1,244.24,Job Corps
1,192.08,Job Corps
1,239.98,Job Corps
1,212.82,Job Corps
1,174.18,Job Corps
1,199.05,Job Corps
1,191.41,Job Corps
1,168.69,Job Corps
1,221.55,Job Corps
1,210.17,Job Corps
1,248.98,Job Corps
1,251.59,Job Corps
1,220.36,Job Corps
1,243.93,Job Corps
1,190.09,Job Corps
1,227.16,Job Corps
1,216.72,Job Corps
1,215.9,Job Corps
1,189.7,Job Corps
1,164.06,Job Corps
1,183.57,Job Corps
1,259.49,Job Corps
1,206.45,Job Corps
1,182.74,Job Corps
1,174.89,Job Corps
1,247.03,Job Corps
1,191.46,Job Corps
1,217.07,Job Corps
1,206.94,Job Corps
1,244.19,Job Corps
1,213.37,Job Corps
1,206.3,Job Corps
1,251.63,Job Corps
1,259.26,Job Corps
1,250.38,Job Corps
1,234.12,Job Corps
1,166.45,Job Corps
1,160.31,Job Corps
1,242.84,Job Corps
1,179.09,Job Corps
1,188.74,Job Corps
1,226.93,Job Corps
1,216.45,Job Corps
1,188.51,Job Corps
1,250.69,Job Corps
1,236.87,Job Corps
1,258.61,Job Corps
1,151.77,Job Corps
1,149.01,Job Corps
1,209.26,Job Corps
1,255.39,Job Corps
1,171.53,Job Corps
1,220.08,Job Corps
1,187.19,Job Corps
1,180.41,Job Corps
1,231.04,Job Corps
1,200.41,Job Corps
1,190.93,Job Corps
1,216.75,Job Corps
1,258.73,Job Corps
1,194.98,Job Corps
1,215.66,Job Corps
1,225.1,Job Corps
1,218.34,Job Corps
1,224.1,Job Corps
1,244.89,Job Corps
1,208,Job Corps
1,232.55,Job Corps
1,209.89,Job Corps
1,210.73,Job Corps
1,251.41,Job Corps
1,210.64,Job Corps
1,256.19,Job Corps
1,195.95,Job Corps
1,234.81,Job Corps
1,222.54,Job Corps
1,160.6,Job Corps
1,209.73,Job Corps
1,201.92,Job Corps
1,231.87,Job Corps
1,208.89,Job Corps
1,225.72,Job Corps
1,177.65,Job Corps
1,243.26,Job Corps
1,237.1,Job Corps
1,173.09,Job Corps
1,239.62,Job Corps
1,224.1,Job Corps
1,214.8,Job Corps
1,215.9,Job Corps
1,224.23,Job Corps
1,156.03,Job Corps
1,198.99,Job Corps
1,192.66,Job Corps
1,236.41,Job Corps
1,222.81,Job Corps
1,226.7,Job Corps
1,248.84,Job Corps
1,210.53,Job Corps
1,176.02,Job Corps
1,209.81,Job Corps
1,197.97,Job Corps
1,213.37,Job Corps
1,208.4,Job Corps
1,193.23,Job Corps
